n_data,train_acc,test_acc
28,0.8928571428571429,0.7739082365948038
56,0.9285714285714286,0.7981082243105461
115,0.8695652173913043,0.8190528837295007
228,0.8552631578947368,0.8263620170751182
462,0.8658008658008658,0.821018364965297
919,0.8433079434167573,0.8274676002702537
1832,0.8122270742358079,0.8254406977458387
3636,0.8176567656765676,0.8296787666605245
7313,0.8307124299193217,0.8342853633069222
