n_data,train_acc,test_acc
32,0.8125,0.7745224494809901
64,0.890625,0.798292488176402
128,0.8515625,0.8188686198636448
256,0.84765625,0.8260549106320251
512,0.857421875,0.8205884159449666
1024,0.841796875,0.8271604938271605
2048,0.814453125,0.8251950125913642
4096,0.822021484375,0.8296787666605245
8192,0.8349609375,0.8340396781524476
